<?xml version="1.0"?>
<MemoryUtilizationReport xmlns:xsi="http://www.w3.org/2001/XMLSchema-instance" xmlns:xsd="http://www.w3.org/2001/XMLSchema">
  <Memories>
    <MemoryUtilization>
      <MemoryName>FLASH</MemoryName>
      <Used>315976</Used>
      <Total>1048576</Total>
    </MemoryUtilization>
    <MemoryUtilization>
      <MemoryName>SRAM</MemoryName>
      <Used>77400</Used>
      <Total>114688</Total>
    </MemoryUtilization>
    <MemoryUtilization>
      <MemoryName>RAM2</MemoryName>
      <Used>0</Used>
      <Total>16384</Total>
    </MemoryUtilization>
    <MemoryUtilization>
      <MemoryName>CCMRAM</MemoryName>
      <Used>0</Used>
      <Total>65536</Total>
    </MemoryUtilization>
  </Memories>
</MemoryUtilizationReport>