<?xml version="1.0"?>
<EmbeddedProfile xmlns:xsi="http://www.w3.org/2001/XMLSchema-instance" xmlns:xsd="http://www.w3.org/2001/XMLSchema">
  <ToolchainID>com.visualgdb.arm-eabi</ToolchainID>
  <ToolchainVersion>
    <GCC>12.2.1</GCC>
    <GDB>12.2</GDB>
    <Revision>2</Revision>
  </ToolchainVersion>
  <BspID>com.visualgdb.bsp.in-place</BspID>
  <BspVersion>1.0</BspVersion>
  <McuID>STM32F407ZG</McuID>
  <BSPSubdirectory>BSP</BSPSubdirectory>
  <MCUDefinitionFile>stm32f407xx.xml</MCUDefinitionFile>
  <MCUProperties>
    <Entries />
  </MCUProperties>
  <BSPSourceFolderName>Device-specific files</BSPSourceFolderName>
  <InPlaceMCU>
    <ID>STM32F407ZG</ID>
    <UserFriendlyName>STM32F407ZG</UserFriendlyName>
    <CompilationFlags>
      <PreprocessorMacros>
        <string>ARM_MATH_CM4</string>
        <string>flash_layout</string>
        <string>STM32F407ZG</string>
        <string>USE_USB_FS</string>
        <string>STM32F407xx</string>
        <string>USE_HAL_DRIVER</string>
        <string />
      </PreprocessorMacros>
      <IncludeDirectories>
        <string>.</string>
      </IncludeDirectories>
      <LDFLAGS>--specs=nano.specs --specs=nosys.specs -Wl,-Map=output.map -u _printf_float</LDFLAGS>
      <LinkerScript>F:/HYREL/WORK/Hydra23X10/Hydra23X10/link.ld</LinkerScript>
      <COMMONFLAGS>-mcpu=cortex-m4 -mthumb -mfpu=fpv4-sp-d16 -mfloat-abi=hard</COMMONFLAGS>
      <EnableLinkerGroups>true</EnableLinkerGroups>
    </CompilationFlags>
    <AdditionalSourceFiles />
    <AdditionalHeaderFiles>
      <string>$$SYS:BSP_ROOT$$/STM32F4xxxx/STM32_USB_Device_Library/Class/CDC/Inc/usbd_cdc.h</string>
      <string>$$SYS:BSP_ROOT$$/STM32F4xxxx/STM32_USB_Device_Library/Core/Inc/usbd_core.h</string>
      <string>$$SYS:BSP_ROOT$$/STM32F4xxxx/STM32_USB_Device_Library/Core/Inc/usbd_ctlreq.h</string>
      <string>$$SYS:BSP_ROOT$$/STM32F4xxxx/STM32_USB_Device_Library/Core/Inc/usbd_def.h</string>
      <string>$$SYS:BSP_ROOT$$/STM32F4xxxx/STM32_USB_Device_Library/Core/Inc/usbd_ioreq.h</string>
      <string>$$SYS:BSP_ROOT$$/STM32F4xxxx/STM32F4xx_HAL_Driver/Inc/stm32f4xx_hal.h</string>
      <string>$$SYS:BSP_ROOT$$/STM32F4xxxx/STM32F4xx_HAL_Driver/Inc/stm32f4xx_hal_adc.h</string>
      <string>$$SYS:BSP_ROOT$$/STM32F4xxxx/STM32F4xx_HAL_Driver/Inc/stm32f4xx_hal_adc_ex.h</string>
      <string>$$SYS:BSP_ROOT$$/STM32F4xxxx/STM32F4xx_HAL_Driver/Inc/stm32f4xx_hal_can.h</string>
      <string>$$SYS:BSP_ROOT$$/STM32F4xxxx/STM32F4xx_HAL_Driver/Inc/stm32f4xx_hal_cec.h</string>
      <string>$$SYS:BSP_ROOT$$/STM32F4xxxx/STM32F4xx_HAL_Driver/Inc/stm32f4xx_hal_cortex.h</string>
      <string>$$SYS:BSP_ROOT$$/STM32F4xxxx/STM32F4xx_HAL_Driver/Inc/stm32f4xx_hal_crc.h</string>
      <string>$$SYS:BSP_ROOT$$/STM32F4xxxx/STM32F4xx_HAL_Driver/Inc/stm32f4xx_hal_cryp.h</string>
      <string>$$SYS:BSP_ROOT$$/STM32F4xxxx/STM32F4xx_HAL_Driver/Inc/stm32f4xx_hal_cryp_ex.h</string>
      <string>$$SYS:BSP_ROOT$$/STM32F4xxxx/STM32F4xx_HAL_Driver/Inc/stm32f4xx_hal_dac.h</string>
      <string>$$SYS:BSP_ROOT$$/STM32F4xxxx/STM32F4xx_HAL_Driver/Inc/stm32f4xx_hal_dac_ex.h</string>
      <string>$$SYS:BSP_ROOT$$/STM32F4xxxx/STM32F4xx_HAL_Driver/Inc/stm32f4xx_hal_dcmi.h</string>
      <string>$$SYS:BSP_ROOT$$/STM32F4xxxx/STM32F4xx_HAL_Driver/Inc/stm32f4xx_hal_dcmi_ex.h</string>
      <string>$$SYS:BSP_ROOT$$/STM32F4xxxx/STM32F4xx_HAL_Driver/Inc/stm32f4xx_hal_def.h</string>
      <string>$$SYS:BSP_ROOT$$/STM32F4xxxx/STM32F4xx_HAL_Driver/Inc/stm32f4xx_hal_dfsdm.h</string>
      <string>$$SYS:BSP_ROOT$$/STM32F4xxxx/STM32F4xx_HAL_Driver/Inc/stm32f4xx_hal_dma.h</string>
      <string>$$SYS:BSP_ROOT$$/STM32F4xxxx/STM32F4xx_HAL_Driver/Inc/stm32f4xx_hal_dma2d.h</string>
      <string>$$SYS:BSP_ROOT$$/STM32F4xxxx/STM32F4xx_HAL_Driver/Inc/stm32f4xx_hal_dma_ex.h</string>
      <string>$$SYS:BSP_ROOT$$/STM32F4xxxx/STM32F4xx_HAL_Driver/Inc/stm32f4xx_hal_dsi.h</string>
      <string>$$SYS:BSP_ROOT$$/STM32F4xxxx/STM32F4xx_HAL_Driver/Inc/stm32f4xx_hal_eth.h</string>
      <string>$$SYS:BSP_ROOT$$/STM32F4xxxx/STM32F4xx_HAL_Driver/Inc/stm32f4xx_hal_exti.h</string>
      <string>$$SYS:BSP_ROOT$$/STM32F4xxxx/STM32F4xx_HAL_Driver/Inc/stm32f4xx_hal_flash.h</string>
      <string>$$SYS:BSP_ROOT$$/STM32F4xxxx/STM32F4xx_HAL_Driver/Inc/stm32f4xx_hal_flash_ex.h</string>
      <string>$$SYS:BSP_ROOT$$/STM32F4xxxx/STM32F4xx_HAL_Driver/Inc/stm32f4xx_hal_flash_ramfunc.h</string>
      <string>$$SYS:BSP_ROOT$$/STM32F4xxxx/STM32F4xx_HAL_Driver/Inc/stm32f4xx_hal_fmpi2c.h</string>
      <string>$$SYS:BSP_ROOT$$/STM32F4xxxx/STM32F4xx_HAL_Driver/Inc/stm32f4xx_hal_fmpi2c_ex.h</string>
      <string>$$SYS:BSP_ROOT$$/STM32F4xxxx/STM32F4xx_HAL_Driver/Inc/stm32f4xx_hal_fmpsmbus.h</string>
      <string>$$SYS:BSP_ROOT$$/STM32F4xxxx/STM32F4xx_HAL_Driver/Inc/stm32f4xx_hal_fmpsmbus_ex.h</string>
      <string>$$SYS:BSP_ROOT$$/STM32F4xxxx/STM32F4xx_HAL_Driver/Inc/stm32f4xx_hal_gpio.h</string>
      <string>$$SYS:BSP_ROOT$$/STM32F4xxxx/STM32F4xx_HAL_Driver/Inc/stm32f4xx_hal_gpio_ex.h</string>
      <string>$$SYS:BSP_ROOT$$/STM32F4xxxx/STM32F4xx_HAL_Driver/Inc/stm32f4xx_hal_hash.h</string>
      <string>$$SYS:BSP_ROOT$$/STM32F4xxxx/STM32F4xx_HAL_Driver/Inc/stm32f4xx_hal_hash_ex.h</string>
      <string>$$SYS:BSP_ROOT$$/STM32F4xxxx/STM32F4xx_HAL_Driver/Inc/stm32f4xx_hal_hcd.h</string>
      <string>$$SYS:BSP_ROOT$$/STM32F4xxxx/STM32F4xx_HAL_Driver/Inc/stm32f4xx_hal_i2c.h</string>
      <string>$$SYS:BSP_ROOT$$/STM32F4xxxx/STM32F4xx_HAL_Driver/Inc/stm32f4xx_hal_i2c_ex.h</string>
      <string>$$SYS:BSP_ROOT$$/STM32F4xxxx/STM32F4xx_HAL_Driver/Inc/stm32f4xx_hal_i2s.h</string>
      <string>$$SYS:BSP_ROOT$$/STM32F4xxxx/STM32F4xx_HAL_Driver/Inc/stm32f4xx_hal_i2s_ex.h</string>
      <string>$$SYS:BSP_ROOT$$/STM32F4xxxx/STM32F4xx_HAL_Driver/Inc/stm32f4xx_hal_irda.h</string>
      <string>$$SYS:BSP_ROOT$$/STM32F4xxxx/STM32F4xx_HAL_Driver/Inc/stm32f4xx_hal_iwdg.h</string>
      <string>$$SYS:BSP_ROOT$$/STM32F4xxxx/STM32F4xx_HAL_Driver/Inc/stm32f4xx_hal_lptim.h</string>
      <string>$$SYS:BSP_ROOT$$/STM32F4xxxx/STM32F4xx_HAL_Driver/Inc/stm32f4xx_hal_ltdc.h</string>
      <string>$$SYS:BSP_ROOT$$/STM32F4xxxx/STM32F4xx_HAL_Driver/Inc/stm32f4xx_hal_ltdc_ex.h</string>
      <string>$$SYS:BSP_ROOT$$/STM32F4xxxx/STM32F4xx_HAL_Driver/Inc/stm32f4xx_hal_mmc.h</string>
      <string>$$SYS:BSP_ROOT$$/STM32F4xxxx/STM32F4xx_HAL_Driver/Inc/stm32f4xx_hal_nand.h</string>
      <string>$$SYS:BSP_ROOT$$/STM32F4xxxx/STM32F4xx_HAL_Driver/Inc/stm32f4xx_hal_nor.h</string>
      <string>$$SYS:BSP_ROOT$$/STM32F4xxxx/STM32F4xx_HAL_Driver/Inc/stm32f4xx_hal_pccard.h</string>
      <string>$$SYS:BSP_ROOT$$/STM32F4xxxx/STM32F4xx_HAL_Driver/Inc/stm32f4xx_hal_pcd.h</string>
      <string>$$SYS:BSP_ROOT$$/STM32F4xxxx/STM32F4xx_HAL_Driver/Inc/stm32f4xx_hal_pcd_ex.h</string>
      <string>$$SYS:BSP_ROOT$$/STM32F4xxxx/STM32F4xx_HAL_Driver/Inc/stm32f4xx_hal_pwr.h</string>
      <string>$$SYS:BSP_ROOT$$/STM32F4xxxx/STM32F4xx_HAL_Driver/Inc/stm32f4xx_hal_pwr_ex.h</string>
      <string>$$SYS:BSP_ROOT$$/STM32F4xxxx/STM32F4xx_HAL_Driver/Inc/stm32f4xx_hal_qspi.h</string>
      <string>$$SYS:BSP_ROOT$$/STM32F4xxxx/STM32F4xx_HAL_Driver/Inc/stm32f4xx_hal_rcc.h</string>
      <string>$$SYS:BSP_ROOT$$/STM32F4xxxx/STM32F4xx_HAL_Driver/Inc/stm32f4xx_hal_rcc_ex.h</string>
      <string>$$SYS:BSP_ROOT$$/STM32F4xxxx/STM32F4xx_HAL_Driver/Inc/stm32f4xx_hal_rng.h</string>
      <string>$$SYS:BSP_ROOT$$/STM32F4xxxx/STM32F4xx_HAL_Driver/Inc/stm32f4xx_hal_rtc.h</string>
      <string>$$SYS:BSP_ROOT$$/STM32F4xxxx/STM32F4xx_HAL_Driver/Inc/stm32f4xx_hal_rtc_ex.h</string>
      <string>$$SYS:BSP_ROOT$$/STM32F4xxxx/STM32F4xx_HAL_Driver/Inc/stm32f4xx_hal_sai.h</string>
      <string>$$SYS:BSP_ROOT$$/STM32F4xxxx/STM32F4xx_HAL_Driver/Inc/stm32f4xx_hal_sai_ex.h</string>
      <string>$$SYS:BSP_ROOT$$/STM32F4xxxx/STM32F4xx_HAL_Driver/Inc/stm32f4xx_hal_sd.h</string>
      <string>$$SYS:BSP_ROOT$$/STM32F4xxxx/STM32F4xx_HAL_Driver/Inc/stm32f4xx_hal_sdram.h</string>
      <string>$$SYS:BSP_ROOT$$/STM32F4xxxx/STM32F4xx_HAL_Driver/Inc/stm32f4xx_hal_smartcard.h</string>
      <string>$$SYS:BSP_ROOT$$/STM32F4xxxx/STM32F4xx_HAL_Driver/Inc/stm32f4xx_hal_smbus.h</string>
      <string>$$SYS:BSP_ROOT$$/STM32F4xxxx/STM32F4xx_HAL_Driver/Inc/stm32f4xx_hal_spdifrx.h</string>
      <string>$$SYS:BSP_ROOT$$/STM32F4xxxx/STM32F4xx_HAL_Driver/Inc/stm32f4xx_hal_spi.h</string>
      <string>$$SYS:BSP_ROOT$$/STM32F4xxxx/STM32F4xx_HAL_Driver/Inc/stm32f4xx_hal_sram.h</string>
      <string>$$SYS:BSP_ROOT$$/STM32F4xxxx/STM32F4xx_HAL_Driver/Inc/stm32f4xx_hal_tim.h</string>
      <string>$$SYS:BSP_ROOT$$/STM32F4xxxx/STM32F4xx_HAL_Driver/Inc/stm32f4xx_hal_tim_ex.h</string>
      <string>$$SYS:BSP_ROOT$$/STM32F4xxxx/STM32F4xx_HAL_Driver/Inc/stm32f4xx_hal_uart.h</string>
      <string>$$SYS:BSP_ROOT$$/STM32F4xxxx/STM32F4xx_HAL_Driver/Inc/stm32f4xx_hal_usart.h</string>
      <string>$$SYS:BSP_ROOT$$/STM32F4xxxx/STM32F4xx_HAL_Driver/Inc/stm32f4xx_hal_wwdg.h</string>
      <string>$$SYS:BSP_ROOT$$/STM32F4xxxx/STM32F4xx_HAL_Driver/Inc/stm32f4xx_ll_usb.h</string>
      <string>$$SYS:BSP_ROOT$$/STM32F4xxxx/STM32F4xx_HAL_Driver/Inc/Legacy/stm32f4xx_hal_can_legacy.h</string>
      <string>$$SYS:BSP_ROOT$$/STM32F4xxxx/STM32F4xx_HAL_Driver/Inc/Legacy/stm32f4xx_hal_eth_legacy.h</string>
      <string>$$SYS:BSP_ROOT$$/STM32F4xxxx/STM32F4xx_HAL_Driver/Inc/Legacy/stm32_hal_legacy.h</string>
      <string>$$SYS:BSP_ROOT$$/STM32F4xxxx/CMSIS_HAL/Core/Include/cmsis_armcc.h</string>
      <string>$$SYS:BSP_ROOT$$/STM32F4xxxx/CMSIS_HAL/Core/Include/cmsis_armclang.h</string>
      <string>$$SYS:BSP_ROOT$$/STM32F4xxxx/CMSIS_HAL/Core/Include/cmsis_compiler.h</string>
      <string>$$SYS:BSP_ROOT$$/STM32F4xxxx/CMSIS_HAL/Core/Include/cmsis_gcc.h</string>
      <string>$$SYS:BSP_ROOT$$/STM32F4xxxx/CMSIS_HAL/Core/Include/cmsis_iccarm.h</string>
      <string>$$SYS:BSP_ROOT$$/STM32F4xxxx/CMSIS_HAL/Core/Include/cmsis_version.h</string>
      <string>$$SYS:BSP_ROOT$$/STM32F4xxxx/CMSIS_HAL/Core/Include/core_armv8mbl.h</string>
      <string>$$SYS:BSP_ROOT$$/STM32F4xxxx/CMSIS_HAL/Core/Include/core_armv8mml.h</string>
      <string>$$SYS:BSP_ROOT$$/STM32F4xxxx/CMSIS_HAL/Core/Include/core_cm0.h</string>
      <string>$$SYS:BSP_ROOT$$/STM32F4xxxx/CMSIS_HAL/Core/Include/core_cm0plus.h</string>
      <string>$$SYS:BSP_ROOT$$/STM32F4xxxx/CMSIS_HAL/Core/Include/core_cm1.h</string>
      <string>$$SYS:BSP_ROOT$$/STM32F4xxxx/CMSIS_HAL/Core/Include/core_cm23.h</string>
      <string>$$SYS:BSP_ROOT$$/STM32F4xxxx/CMSIS_HAL/Core/Include/core_cm3.h</string>
      <string>$$SYS:BSP_ROOT$$/STM32F4xxxx/CMSIS_HAL/Core/Include/core_cm33.h</string>
      <string>$$SYS:BSP_ROOT$$/STM32F4xxxx/CMSIS_HAL/Core/Include/core_cm4.h</string>
      <string>$$SYS:BSP_ROOT$$/STM32F4xxxx/CMSIS_HAL/Core/Include/core_cm7.h</string>
      <string>$$SYS:BSP_ROOT$$/STM32F4xxxx/CMSIS_HAL/Core/Include/core_sc000.h</string>
      <string>$$SYS:BSP_ROOT$$/STM32F4xxxx/CMSIS_HAL/Core/Include/core_sc300.h</string>
      <string>$$SYS:BSP_ROOT$$/STM32F4xxxx/CMSIS_HAL/Core/Include/mpu_armv7.h</string>
      <string>$$SYS:BSP_ROOT$$/STM32F4xxxx/CMSIS_HAL/Core/Include/mpu_armv8.h</string>
      <string>$$SYS:BSP_ROOT$$/STM32F4xxxx/CMSIS_HAL/Core/Include/tz_context.h</string>
      <string>$$SYS:BSP_ROOT$$/STM32F4xxxx/CMSIS_HAL/Device/ST/STM32F4xx/Include/stm32f4xx.h</string>
      <string>$$SYS:BSP_ROOT$$/STM32F4xxxx/CMSIS_HAL/Device/ST/STM32F4xx/Include/system_stm32f4xx.h</string>
      <string>$$SYS:BSP_ROOT$$/STM32F4xxxx/CMSIS_HAL/Include/cmsis_armcc.h</string>
      <string>$$SYS:BSP_ROOT$$/STM32F4xxxx/CMSIS_HAL/Include/cmsis_armclang.h</string>
      <string>$$SYS:BSP_ROOT$$/STM32F4xxxx/CMSIS_HAL/Include/cmsis_compiler.h</string>
      <string>$$SYS:BSP_ROOT$$/STM32F4xxxx/CMSIS_HAL/Include/cmsis_gcc.h</string>
      <string>$$SYS:BSP_ROOT$$/STM32F4xxxx/CMSIS_HAL/Include/cmsis_iccarm.h</string>
      <string>$$SYS:BSP_ROOT$$/STM32F4xxxx/CMSIS_HAL/Include/cmsis_version.h</string>
      <string>$$SYS:BSP_ROOT$$/STM32F4xxxx/CMSIS_HAL/Include/core_armv8mbl.h</string>
      <string>$$SYS:BSP_ROOT$$/STM32F4xxxx/CMSIS_HAL/Include/core_armv8mml.h</string>
      <string>$$SYS:BSP_ROOT$$/STM32F4xxxx/CMSIS_HAL/Include/core_cm0.h</string>
      <string>$$SYS:BSP_ROOT$$/STM32F4xxxx/CMSIS_HAL/Include/core_cm0plus.h</string>
      <string>$$SYS:BSP_ROOT$$/STM32F4xxxx/CMSIS_HAL/Include/core_cm1.h</string>
      <string>$$SYS:BSP_ROOT$$/STM32F4xxxx/CMSIS_HAL/Include/core_cm23.h</string>
      <string>$$SYS:BSP_ROOT$$/STM32F4xxxx/CMSIS_HAL/Include/core_cm3.h</string>
      <string>$$SYS:BSP_ROOT$$/STM32F4xxxx/CMSIS_HAL/Include/core_cm33.h</string>
      <string>$$SYS:BSP_ROOT$$/STM32F4xxxx/CMSIS_HAL/Include/core_cm4.h</string>
      <string>$$SYS:BSP_ROOT$$/STM32F4xxxx/CMSIS_HAL/Include/core_cm7.h</string>
      <string>$$SYS:BSP_ROOT$$/STM32F4xxxx/CMSIS_HAL/Include/core_sc000.h</string>
      <string>$$SYS:BSP_ROOT$$/STM32F4xxxx/CMSIS_HAL/Include/core_sc300.h</string>
      <string>$$SYS:BSP_ROOT$$/STM32F4xxxx/CMSIS_HAL/Include/mpu_armv7.h</string>
      <string>$$SYS:BSP_ROOT$$/STM32F4xxxx/CMSIS_HAL/Include/mpu_armv8.h</string>
      <string>$$SYS:BSP_ROOT$$/STM32F4xxxx/CMSIS_HAL/Include/tz_context.h</string>
      <string>$$SYS:BSP_ROOT$$/STM32F4xxxx/CMSIS_HAL/RTOS/Template/cmsis_os.h</string>
      <string>$$SYS:BSP_ROOT$$/STM32F4xxxx/STM32F4xx_HAL_Driver/Inc/stm32f4xx_ll_adc.h</string>
      <string>$$SYS:BSP_ROOT$$/STM32F4xxxx/STM32F4xx_HAL_Driver/Inc/stm32f4xx_ll_bus.h</string>
      <string>$$SYS:BSP_ROOT$$/STM32F4xxxx/STM32F4xx_HAL_Driver/Inc/stm32f4xx_ll_cortex.h</string>
      <string>$$SYS:BSP_ROOT$$/STM32F4xxxx/STM32F4xx_HAL_Driver/Inc/stm32f4xx_ll_crc.h</string>
      <string>$$SYS:BSP_ROOT$$/STM32F4xxxx/STM32F4xx_HAL_Driver/Inc/stm32f4xx_ll_dac.h</string>
      <string>$$SYS:BSP_ROOT$$/STM32F4xxxx/STM32F4xx_HAL_Driver/Inc/stm32f4xx_ll_dma.h</string>
      <string>$$SYS:BSP_ROOT$$/STM32F4xxxx/STM32F4xx_HAL_Driver/Inc/stm32f4xx_ll_dma2d.h</string>
      <string>$$SYS:BSP_ROOT$$/STM32F4xxxx/STM32F4xx_HAL_Driver/Inc/stm32f4xx_ll_exti.h</string>
      <string>$$SYS:BSP_ROOT$$/STM32F4xxxx/STM32F4xx_HAL_Driver/Inc/stm32f4xx_ll_fmc.h</string>
      <string>$$SYS:BSP_ROOT$$/STM32F4xxxx/STM32F4xx_HAL_Driver/Inc/stm32f4xx_ll_fmpi2c.h</string>
      <string>$$SYS:BSP_ROOT$$/STM32F4xxxx/STM32F4xx_HAL_Driver/Inc/stm32f4xx_ll_fsmc.h</string>
      <string>$$SYS:BSP_ROOT$$/STM32F4xxxx/STM32F4xx_HAL_Driver/Inc/stm32f4xx_ll_gpio.h</string>
      <string>$$SYS:BSP_ROOT$$/STM32F4xxxx/STM32F4xx_HAL_Driver/Inc/stm32f4xx_ll_i2c.h</string>
      <string>$$SYS:BSP_ROOT$$/STM32F4xxxx/STM32F4xx_HAL_Driver/Inc/stm32f4xx_ll_iwdg.h</string>
      <string>$$SYS:BSP_ROOT$$/STM32F4xxxx/STM32F4xx_HAL_Driver/Inc/stm32f4xx_ll_lptim.h</string>
      <string>$$SYS:BSP_ROOT$$/STM32F4xxxx/STM32F4xx_HAL_Driver/Inc/stm32f4xx_ll_pwr.h</string>
      <string>$$SYS:BSP_ROOT$$/STM32F4xxxx/STM32F4xx_HAL_Driver/Inc/stm32f4xx_ll_rcc.h</string>
      <string>$$SYS:BSP_ROOT$$/STM32F4xxxx/STM32F4xx_HAL_Driver/Inc/stm32f4xx_ll_rng.h</string>
      <string>$$SYS:BSP_ROOT$$/STM32F4xxxx/STM32F4xx_HAL_Driver/Inc/stm32f4xx_ll_rtc.h</string>
      <string>$$SYS:BSP_ROOT$$/STM32F4xxxx/STM32F4xx_HAL_Driver/Inc/stm32f4xx_ll_sdmmc.h</string>
      <string>$$SYS:BSP_ROOT$$/STM32F4xxxx/STM32F4xx_HAL_Driver/Inc/stm32f4xx_ll_spi.h</string>
      <string>$$SYS:BSP_ROOT$$/STM32F4xxxx/STM32F4xx_HAL_Driver/Inc/stm32f4xx_ll_system.h</string>
      <string>$$SYS:BSP_ROOT$$/STM32F4xxxx/STM32F4xx_HAL_Driver/Inc/stm32f4xx_ll_tim.h</string>
      <string>$$SYS:BSP_ROOT$$/STM32F4xxxx/STM32F4xx_HAL_Driver/Inc/stm32f4xx_ll_usart.h</string>
      <string>$$SYS:BSP_ROOT$$/STM32F4xxxx/STM32F4xx_HAL_Driver/Inc/stm32f4xx_ll_utils.h</string>
      <string>$$SYS:BSP_ROOT$$/STM32F4xxxx/STM32F4xx_HAL_Driver/Inc/stm32f4xx_ll_wwdg.h</string>
    </AdditionalHeaderFiles>
    <MemoryMap>
      <Memories>
        <MCUMemory>
          <Name>FLASH</Name>
          <Address>134217728</Address>
          <Size>1048576</Size>
          <AddressSpaceSize>0</AddressSpaceSize>
          <Flags>IsDefaultFLASH</Flags>
        </MCUMemory>
        <MCUMemory>
          <Name>SRAM</Name>
          <Address>536870912</Address>
          <Size>114688</Size>
          <AddressSpaceSize>0</AddressSpaceSize>
          <Flags>None</Flags>
        </MCUMemory>
        <MCUMemory>
          <Name>RAM2</Name>
          <Address>536985600</Address>
          <Size>16384</Size>
          <AddressSpaceSize>0</AddressSpaceSize>
          <Flags>None</Flags>
        </MCUMemory>
        <MCUMemory>
          <Name>CCMRAM</Name>
          <Address>268435456</Address>
          <Size>65536</Size>
          <AddressSpaceSize>0</AddressSpaceSize>
          <Flags>None</Flags>
        </MCUMemory>
      </Memories>
    </MemoryMap>
    <AdditionalSystemVars>
      <SysVarEntry>
        <Key>com.sysprogs.bspoptions.arm.core</Key>
        <Value>M4</Value>
      </SysVarEntry>
      <SysVarEntry>
        <Key>com.sysprogs.freertos.default_port</Key>
        <Value>ARM_CM4F</Value>
      </SysVarEntry>
      <SysVarEntry>
        <Key>com.sysprogs.stm32.hal_header_prefix</Key>
        <Value>stm32f4xx</Value>
      </SysVarEntry>
      <SysVarEntry>
        <Key>com.sysprogs.bspoptions.stm32.hal_system_file</Key>
        <Value>STM32F4xxxx/CMSIS_HAL/Device/ST/STM32F4xx/Source/Templates/system_stm32f4xx.c</Value>
      </SysVarEntry>
      <SysVarEntry>
        <Key>com.sysprogs.bspoptions.stm32.hal_config_template_file</Key>
        <Value>STM32F4xxxx/STM32F4xx_HAL_Driver/Inc/stm32f4xx_hal_conf_template.h</Value>
      </SysVarEntry>
      <SysVarEntry>
        <Key>com.sysprogs.stm32.hal_device_family</Key>
        <Value>STM32F407xx</Value>
      </SysVarEntry>
      <SysVarEntry>
        <Key>com.sysprogs.stm32.legacy_device_family</Key>
        <Value>STM32F40_41xxx</Value>
      </SysVarEntry>
    </AdditionalSystemVars>
    <ConfigurableProperties>
      <PropertyGroups>
        <PropertyGroup>
          <Properties>
            <PropertyEntry xsi:type="Enumerated">
              <Name>Execute from</Name>
              <UniqueID>com.sysprogs.bspoptions.primary_memory</UniqueID>
              <OmitPrefixIfEmpty>false</OmitPrefixIfEmpty>
              <SuggestionList>
                <Suggestion>
                  <UserFriendlyName>FLASH</UserFriendlyName>
                  <InternalValue>flash</InternalValue>
                </Suggestion>
                <Suggestion>
                  <UserFriendlyName>SRAM</UserFriendlyName>
                  <InternalValue>sram</InternalValue>
                </Suggestion>
              </SuggestionList>
              <DefaultEntryIndex>0</DefaultEntryIndex>
              <AllowFreeEntry>false</AllowFreeEntry>
            </PropertyEntry>
            <PropertyEntry xsi:type="Enumerated">
              <Name>Floating point support</Name>
              <UniqueID>com.sysprogs.bspoptions.arm.floatmode</UniqueID>
              <OmitPrefixIfEmpty>false</OmitPrefixIfEmpty>
              <SuggestionList>
                <Suggestion>
                  <UserFriendlyName>Software</UserFriendlyName>
                  <InternalValue>-mfloat-abi=soft</InternalValue>
                </Suggestion>
                <Suggestion>
                  <UserFriendlyName>Hardware</UserFriendlyName>
                  <InternalValue>-mfloat-abi=hard</InternalValue>
                </Suggestion>
                <Suggestion>
                  <UserFriendlyName>Unspecified</UserFriendlyName>
                  <InternalValue />
                </Suggestion>
              </SuggestionList>
              <DefaultEntryIndex>1</DefaultEntryIndex>
              <AllowFreeEntry>false</AllowFreeEntry>
            </PropertyEntry>
            <PropertyEntry xsi:type="Boolean">
              <Name>Exclude the startup file from project</Name>
              <UniqueID>com.sysprogs.mcuoptions.ignore_startup_file</UniqueID>
              <OmitPrefixIfEmpty>false</OmitPrefixIfEmpty>
              <DefaultValue>false</DefaultValue>
              <ValueForTrue>1</ValueForTrue>
            </PropertyEntry>
            <PropertyEntry xsi:type="Enumerated">
              <Name>C Library Type</Name>
              <UniqueID>com.sysprogs.toolchainoptions.arm.libctype</UniqueID>
              <OmitPrefixIfEmpty>false</OmitPrefixIfEmpty>
              <SuggestionList>
                <Suggestion>
                  <UserFriendlyName>Default</UserFriendlyName>
                  <InternalValue />
                </Suggestion>
                <Suggestion>
                  <UserFriendlyName>Newlib-nano</UserFriendlyName>
                  <InternalValue>--specs=nano.specs</InternalValue>
                </Suggestion>
                <Suggestion>
                  <UserFriendlyName>Newlib-nano with floating point support in printf()</UserFriendlyName>
                  <InternalValue>--specs=nano.specs -u _printf_float</InternalValue>
                </Suggestion>
                <Suggestion>
                  <UserFriendlyName>Newlib-nano with floating point support in printf() and scanf()</UserFriendlyName>
                  <InternalValue>--specs=nano.specs -u _printf_float -u _scanf_float</InternalValue>
                </Suggestion>
              </SuggestionList>
              <DefaultEntryIndex>1</DefaultEntryIndex>
              <AllowFreeEntry>false</AllowFreeEntry>
            </PropertyEntry>
            <PropertyEntry xsi:type="Enumerated">
              <Name>Implementations for _sbrk(), etc.</Name>
              <UniqueID>com.sysprogs.toolchainoptions.arm.syscallspecs</UniqueID>
              <OmitPrefixIfEmpty>false</OmitPrefixIfEmpty>
              <SuggestionList>
                <Suggestion>
                  <UserFriendlyName>None</UserFriendlyName>
                  <InternalValue />
                </Suggestion>
                <Suggestion>
                  <UserFriendlyName>Minimal (no semihosting)</UserFriendlyName>
                  <InternalValue>--specs=nosys.specs</InternalValue>
                </Suggestion>
                <Suggestion>
                  <UserFriendlyName>Support semihosting</UserFriendlyName>
                  <InternalValue>--specs=rdimon.specs</InternalValue>
                </Suggestion>
              </SuggestionList>
              <DefaultEntryIndex>1</DefaultEntryIndex>
              <AllowFreeEntry>false</AllowFreeEntry>
            </PropertyEntry>
          </Properties>
          <CollapsedByDefault>false</CollapsedByDefault>
        </PropertyGroup>
      </PropertyGroups>
    </ConfigurableProperties>
    <HierarchicalPath>STM32\STM32F4</HierarchicalPath>
    <FamilyID>STM32F4</FamilyID>
    <FLASHSize>1048576</FLASHSize>
    <RAMSize>114688</RAMSize>
    <FLASHBase>134217728</FLASHBase>
    <RAMBase>536870912</RAMBase>
    <MCUDefinitionFile>stm32f407xx.xml</MCUDefinitionFile>
    <AdditionalSourcesRequiredForTesting>false</AdditionalSourcesRequiredForTesting>
  </InPlaceMCU>
  <MCUMakFile>stm32.mak</MCUMakFile>
  <ReferencedFrameworks />
  <FrameworkProperties>
    <Entries />
  </FrameworkProperties>
  <TestFrameworkProperties>
    <Entries />
  </TestFrameworkProperties>
</EmbeddedProfile>